SET @NUM = DATE_FORMAT(NOW(), '%H%i%S');
SET @DATE = '20251108';
SET @BASE_TIME = '10:30:00';
SET @REG_TIME = '21:55:00';
SET @UPD_DNT = NOW();
SET @MID = 'ktest5578m';
SET @GID = 'test11110g';
SET @VID1 = 'test10003a';
SET @VID2 = 'test10033a';
SET @VID3 = 'test10333a';
SET @WORKER = 'jungho';
SET @PM_CD = '01';
SET @SPM_CD = '07';
SET @VAN_CD = '01';
SET @BASE = STR_TO_DATE(CONCAT(@DATE, ' ', @BASE_TIME), '%Y%m%d %H:%i:%s');

SET @TID1 = LEFT(CONCAT(@MID, @NUM, @DATE, LPAD(1, 6, '0')), 30);
SET @TID2 = LEFT(CONCAT(@MID, @NUM, @DATE, LPAD(2, 6, '0')), 30);
SET @TID3 = LEFT(CONCAT(@MID, @NUM, @DATE, LPAD(3, 6, '0')), 30);
SET @TID4 = LEFT(CONCAT(@MID, @NUM, @DATE, LPAD(4, 6, '0')), 30);
SET @TID5 = LEFT(CONCAT(@MID, @NUM, @DATE, LPAD(5, 6, '0')), 30);
SET @TID6 = LEFT(CONCAT(@MID, @NUM, @DATE, LPAD(6, 6, '0')), 30);

-- ------------------------------------------------------------------------------ --
-- 1. TBTR_MSTR --
-- ------------------------------------------------------------------------------ --
INSERT INTO TBTR_MSTR (
  TID, REQ_NO, ORD_NO, APP_REQ_DT, APP_REQ_TM, APP_DT, APP_TM,
  PM_CD, SPM_CD, MID, GID, VID, TRX_ST_CD, TRX_CD,
  STMT_CYCLE_CD, CP_CD, GOODS_NM, GOODS_AMT, GOODS_SPL_AMT,
  GOODS_VAT, GOODS_SVS_AMT, EXCH_RATE, OVER_AMT, CURRENCY_TYPE,
  PRE_EXCH_RATE, ORD_NM, ORD_NM_ENC, ORD_TEL, ORD_TEL_ENC, ORD_HP,
  ORD_HP_ENC, ORD_EMAIL, ORD_EMAIL_ENC, ORD_IP, ORD_IP_ENC, ORD_MAC,
  ORD_MAC_ENC, BROWSER_NM, MBS_USR_ID, RCVR_ADDR, RCVR_ADDR_ENC,
  RCVR_MSG, RCVR_NM, RCVR_HP, RCVR_HP_ENC, RCVR_POST,
  CC_REQ_DT, CC_REQ_TM, CC_DT, CC_TM, CC_MSG,
  CC_ID, CC_IP, CC_CD, NO_CC_FLG, NO_CC_CD,
  RSLT_CD, MBS_IP, MBS_URL, PGSVR_NM, PGSW_VER,
  SHOP_ID, URL_SND_TYPE, URL_SND_DT, URL_SND_TM, URL_SND_CNT,
  URL_SND_URL, URL_RE_SND_FLG, URL_SND_OVER_INFO_FLG, CONN_CD, OTID,
  SALES_HP_NO, SALES_HP_NO_ENC, CART_FLG, L1_VID, L2_VID,
  L3_VID, PRESTMT_TRG_FLG, CRYPT_FLG, WORKER, REG_DNT
) VALUES
(
  @TID1,
  CONCAT(@DATE, '20C303', LPAD(1, 4, '0')),
  CONCAT('ORD', DATE_FORMAT(@BASE, '%y%m%d'), LPAD(1, 6, '0')),
  @DATE,
  DATE_FORMAT(DATE_ADD(@BASE, INTERVAL 0 MINUTE), '%H%i%S'),
  @DATE,
  DATE_FORMAT(DATE_ADD(@BASE, INTERVAL 0 MINUTE), '%H%i%S'),
  @PM_CD, @SPM_CD, @MID, @GID, @VID1, '0', '0',
  'D1', '06', '테스트상품', 1000, 909,
  91, 0, 0.0, 0, 'KRW',
  0, '홍길*', '02c32c7271d3edd0e2e7d5e6a0803b7c08', '010****5678', '02b659a9ddc898df7f4e3c1c71808b35e6', '',
  '', '', '', '127.0.0.1', '024379a299254d7c006e7b4a8f625d4c1b', NULL,
  NULL, 'Korpay', NULL, '서울특별시 성동구', '021c4b368f3ce60c3e48615f56fb75457a',
  'rcvrMsg', '', '', '', '04790',
  NULL, NULL, NULL, NULL, NULL,
  NULL, NULL, NULL, NULL, NULL,
  '3001', NULL, NULL, '', 'v.1',
  'KORPAY_01', '0', NULL, NULL, 0,
  NULL, '0', '0', '0002', @TID1,
  NULL, NULL, '0', @VID1, @VID2,
  @VID3, '0', '1', @WORKER, CONCAT(@DATE, REPLACE(@REG_TIME, ':', ''))
),
(
  @TID2,
  CONCAT(@DATE, '20C303', LPAD(2, 4, '0')),
  CONCAT('ORD', DATE_FORMAT(DATE_ADD(@BASE, INTERVAL 1 MINUTE), '%y%m%d'), LPAD(2, 6, '0')),
  @DATE,
  DATE_FORMAT(DATE_ADD(@BASE, INTERVAL 1 MINUTE), '%H%i%S'),
  @DATE,
  DATE_FORMAT(DATE_ADD(@BASE, INTERVAL 1 MINUTE), '%H%i%S'),
  @PM_CD, @SPM_CD, @MID, @GID, @VID1, '0', '0',
  'D1', '06', '테스트상품', 5000, 4545,
  455, 0, 0.0, 0, 'KRW',
  0, '홍길*', '02c32c7271d3edd0e2e7d5e6a0803b7c08', '010****5678', '02b659a9ddc898df7f4e3c1c71808b35e6', '',
  '', '', '', '127.0.0.1', '024379a299254d7c006e7b4a8f625d4c1b', NULL,
  NULL, 'Korpay', NULL, '서울특별시 성동구', '021c4b368f3ce60c3e48615f56fb75457a',
  'rcvrMsg', '', '', '', '04790',
  NULL, NULL, NULL, NULL, NULL,
  NULL, NULL, NULL, NULL, NULL,
  '3001', NULL, NULL, '', 'v.1',
  'KORPAY_01', '0', NULL, NULL, 0,
  NULL, '0', '0', '0002', @TID2,
  NULL, NULL, '0', @VID1, @VID2,
  @VID3, '0', '1', @WORKER, CONCAT(@DATE, REPLACE(@REG_TIME, ':', ''))
),
(
  @TID3,
  CONCAT(@DATE, '20C303', LPAD(3, 4, '0')),
  CONCAT('ORD', DATE_FORMAT(DATE_ADD(@BASE, INTERVAL 2 MINUTE), '%y%m%d'), LPAD(3, 6, '0')),
  @DATE,
  DATE_FORMAT(DATE_ADD(@BASE, INTERVAL 2 MINUTE), '%H%i%S'),
  @DATE,
  DATE_FORMAT(DATE_ADD(@BASE, INTERVAL 2 MINUTE), '%H%i%S'),
  @PM_CD, @SPM_CD, @MID, @GID, @VID1, '0', '0',
  'D1', '06', '테스트상품', 10000, 9091,
  909, 0, 0.0, 0, 'KRW',
  0, '홍길*', '02c32c7271d3edd0e2e7d5e6a0803b7c08', '010****5678', '02b659a9ddc898df7f4e3c1c71808b35e6', '',
  '', '', '', '127.0.0.1', '024379a299254d7c006e7b4a8f625d4c1b', NULL,
  NULL, 'Korpay', NULL, '서울특별시 성동구', '021c4b368f3ce60c3e48615f56fb75457a',
  'rcvrMsg', '', '', '', '04790',
  NULL, NULL, NULL, NULL, NULL,
  NULL, NULL, NULL, NULL, NULL,
  '3001', NULL, NULL, '', 'v.1',
  'KORPAY_01', '0', NULL, NULL, 0,
  NULL, '0', '0', '0002', @TID3,
  NULL, NULL, '0', @VID1, @VID2,
  @VID3, '0', '1', @WORKER, CONCAT(@DATE, REPLACE(@REG_TIME, ':', ''))
),
(
  @TID4,
  CONCAT(@DATE, '20C303', LPAD(4, 4, '0')),
  CONCAT('ORD', DATE_FORMAT(DATE_ADD(@BASE, INTERVAL 3 MINUTE), '%y%m%d'), LPAD(4, 6, '0')),
  @DATE,
  DATE_FORMAT(DATE_ADD(@BASE, INTERVAL 3 MINUTE), '%H%i%S'),
  @DATE,
  DATE_FORMAT(DATE_ADD(@BASE, INTERVAL 3 MINUTE), '%H%i%S'),
  @PM_CD, @SPM_CD, @MID, @GID, @VID1, '0', '0',
  'D1', '06', '테스트상품', 20000, 18182,
  1818, 0, 0.0, 0, 'KRW',
  0, '홍길*', '02c32c7271d3edd0e2e7d5e6a0803b7c08', '010****5678', '02b659a9ddc898df7f4e3c1c71808b35e6', '',
  '', '', '', '127.0.0.1', '024379a299254d7c006e7b4a8f625d4c1b', NULL,
  NULL, 'Korpay', NULL, '서울특별시 성동구', '021c4b368f3ce60c3e48615f56fb75457a',
  'rcvrMsg', '', '', '', '04790',
  NULL, NULL, NULL, NULL, NULL,
  NULL, NULL, NULL, NULL, NULL,
  '3001', NULL, NULL, '', 'v.1',
  'KORPAY_01', '0', NULL, NULL, 0,
  NULL, '0', '0', '0002', @TID4,
  NULL, NULL, '0', @VID1, @VID2,
  @VID3, '0', '1', @WORKER, CONCAT(@DATE, REPLACE(@REG_TIME, ':', ''))
),
(
  @TID5,
  CONCAT(@DATE, '20C303', LPAD(5, 4, '0')),
  CONCAT('ORD', DATE_FORMAT(DATE_ADD(@BASE, INTERVAL 4 MINUTE), '%y%m%d'), LPAD(5, 6, '0')),
  @DATE,
  DATE_FORMAT(DATE_ADD(@BASE, INTERVAL 4 MINUTE), '%H%i%S'),
  @DATE,
  DATE_FORMAT(DATE_ADD(@BASE, INTERVAL 4 MINUTE), '%H%i%S'),
  @PM_CD, @SPM_CD, @MID, @GID, @VID1, '0', '0',
  'D1', '06', '테스트상품', 35000, 31818,
  3182, 0, 0.0, 0, 'KRW',
  0, '홍길*', '02c32c7271d3edd0e2e7d5e6a0803b7c08', '010****5678', '02b659a9ddc898df7f4e3c1c71808b35e6', '',
  '', '', '', '127.0.0.1', '024379a299254d7c006e7b4a8f625d4c1b', NULL,
  NULL, 'Korpay', NULL, '서울특별시 성동구', '021c4b368f3ce60c3e48615f56fb75457a',
  'rcvrMsg', '', '', '', '04790',
  NULL, NULL, NULL, NULL, NULL,
  NULL, NULL, NULL, NULL, NULL,
  '3001', NULL, NULL, '', 'v.1',
  'KORPAY_01', '0', NULL, NULL, 0,
  NULL, '0', '0', '0002', @TID5,
  NULL, NULL, '0', @VID1, @VID2,
  @VID3, '0', '1', @WORKER, CONCAT(@DATE, REPLACE(@REG_TIME, ':', ''))
),
(
  @TID6,
  CONCAT(@DATE, '20C303', LPAD(6, 4, '0')),
  CONCAT('ORD', DATE_FORMAT(DATE_ADD(@BASE, INTERVAL 5 MINUTE), '%y%m%d'), LPAD(6, 6, '0')),
  @DATE,
  DATE_FORMAT(DATE_ADD(@BASE, INTERVAL 5 MINUTE), '%H%i%S'),
  @DATE,
  DATE_FORMAT(DATE_ADD(@BASE, INTERVAL 5 MINUTE), '%H%i%S'),
  @PM_CD, @SPM_CD, @MID, @GID, @VID1, '0', '0',
  'D1', '06', '테스트상품', 50000, 45455,
  4545, 0, 0.0, 0, 'KRW',
  0, '홍길*', '02c32c7271d3edd0e2e7d5e6a0803b7c08', '010****5678', '02b659a9ddc898df7f4e3c1c71808b35e6', '',
  '', '', '', '127.0.0.1', '024379a299254d7c006e7b4a8f625d4c1b', NULL,
  NULL, 'Korpay', NULL, '서울특별시 성동구', '021c4b368f3ce60c3e48615f56fb75457a',
  'rcvrMsg', '', '', '', '04790',
  NULL, NULL, NULL, NULL, NULL,
  NULL, NULL, NULL, NULL, NULL,
  '3001', NULL, NULL, '', 'v.1',
  'KORPAY_01', '0', NULL, NULL, 0,
  NULL, '0', '0', '0002', @TID6,
  NULL, NULL, '0', @VID1, @VID2,
  @VID3, '0', '1', @WORKER, CONCAT(@DATE, REPLACE(@REG_TIME, ':', ''))
);

-- ------------------------------------------------------------------------------ --
-- 2. TBTR_CARD --
-- ------------------------------------------------------------------------------ --
INSERT INTO TBTR_CARD (
  TID, POINT_AMT, APP_CARD_CD, APP_NO, CARD_NO, CARD_NO_ENC, VP_TRXNO, VP_AUTH_NO,
  EXPIRE_YYMM, EXPIRE_YYMM_ENC, QUOTA_MON, MBS_NO, MBS_TYPE_CD, NOINT_FLG, VAN_CO,
  ACQ_CARD_CD, SPOT_CL, TERM_NO, VAN_CD, CHKCARD_FLG, CARD_TYPE_CD, EDI_NO,
  REG_DNT, WORKER, CRYPT_FLG, CC_MATCH_DT, CC_MATCH_TYPE, MATCH_DT, MATCH_TYPE,
  AUTH_TYPE_CD, VISA3D_XID, VISA3D_CAVV, POINT_FLG, PLUGIN_ID, CERTFEE_FLG, CERT_TYPE,
  ARS_APP_FLG, BARGAIN_WON_AMT, BARGAIN_RATE, EVNT_TYPE, CC_EDI_NO
) VALUES
(
  @TID1,
  NULL,
  '06',
  CONCAT(DATE_FORMAT(DATE_ADD(@BASE, INTERVAL 0 MINUTE), '%H%i%S'), '01'),
  '46195410****2234',
  '022229185e4a361124b6bb91115d9a0620f953b3dfaaa53f9924b0acb8ed3f7fcc',
  NULL,
  NULL,
  NULL,
  '',
  '00',
  '0116543885',
  '1',
  '0',
  '0000',
  '06',
  NULL,
  '9100190037',
  @VAN_CD,
  '1',
  '01',
  CONCAT('0000', LPAD(1, 6, '0')),
  CONCAT(@DATE, REPLACE(@BASE_TIME, ':', '')),
  @WORKER,
  '1',
  NULL,
  NULL,
  NULL,
  NULL,
  '03',
  NULL,
  NULL,
  NULL,
  NULL,
  NULL,
  '0',
  NULL,
  NULL,
  NULL,
  NULL,
  NULL
),
(
  @TID2,
  NULL,
  '06',
  CONCAT(DATE_FORMAT(DATE_ADD(@BASE, INTERVAL 1 MINUTE), '%H%i%S'), '02'),
  '46195410****2234',
  '022229185e4a361124b6bb91115d9a0620f953b3dfaaa53f9924b0acb8ed3f7fcc',
  NULL,
  NULL,
  NULL,
  '',
  '00',
  '0116543885',
  '1',
  '0',
  '0000',
  '06',
  NULL,
  '9100190037',
  @VAN_CD,
  '1',
  '01',
  CONCAT('0000', LPAD(2, 6, '0')),
  CONCAT(@DATE, REPLACE(DATE_FORMAT(DATE_ADD(@BASE, INTERVAL 1 MINUTE), '%H:%i:%S'), ':', '')),
  @WORKER,
  '1',
  NULL,
  NULL,
  NULL,
  NULL,
  '03',
  NULL,
  NULL,
  NULL,
  NULL,
  NULL,
  '0',
  NULL,
  NULL,
  NULL,
  NULL,
  NULL
),
(
  @TID3,
  NULL,
  '06',
  CONCAT(DATE_FORMAT(DATE_ADD(@BASE, INTERVAL 2 MINUTE), '%H%i%S'), '03'),
  '46195410****2234',
  '022229185e4a361124b6bb91115d9a0620f953b3dfaaa53f9924b0acb8ed3f7fcc',
  NULL,
  NULL,
  NULL,
  '',
  '00',
  '0116543885',
  '1',
  '0',
  '0000',
  '06',
  NULL,
  '9100190037',
  @VAN_CD,
  '1',
  '01',
  CONCAT('0000', LPAD(3, 6, '0')),
  CONCAT(@DATE, REPLACE(DATE_FORMAT(DATE_ADD(@BASE, INTERVAL 2 MINUTE), '%H:%i:%S'), ':', '')),
  @WORKER,
  '1',
  NULL,
  NULL,
  NULL,
  NULL,
  '03',
  NULL,
  NULL,
  NULL,
  NULL,
  NULL,
  '0',
  NULL,
  NULL,
  NULL,
  NULL,
  NULL
),
(
  @TID4,
  NULL,
  '06',
  CONCAT(DATE_FORMAT(DATE_ADD(@BASE, INTERVAL 3 MINUTE), '%H%i%S'), '04'),
  '46195410****2234',
  '022229185e4a361124b6bb91115d9a0620f953b3dfaaa53f9924b0acb8ed3f7fcc',
  NULL,
  NULL,
  NULL,
  '',
  '00',
  '0116543885',
  '1',
  '0',
  '0000',
  '06',
  NULL,
  '9100190037',
  @VAN_CD,
  '1',
  '01',
  CONCAT('0000', LPAD(4, 6, '0')),
  CONCAT(@DATE, REPLACE(DATE_FORMAT(DATE_ADD(@BASE, INTERVAL 3 MINUTE), '%H:%i:%S'), ':', '')),
  @WORKER,
  '1',
  NULL,
  NULL,
  NULL,
  NULL,
  '03',
  NULL,
  NULL,
  NULL,
  NULL,
  NULL,
  '0',
  NULL,
  NULL,
  NULL,
  NULL,
  NULL
),
(
  @TID5,
  NULL,
  '06',
  CONCAT(DATE_FORMAT(DATE_ADD(@BASE, INTERVAL 4 MINUTE), '%H%i%S'), '05'),
  '46195410****2234',
  '022229185e4a361124b6bb91115d9a0620f953b3dfaaa53f9924b0acb8ed3f7fcc',
  NULL,
  NULL,
  NULL,
  '',
  '00',
  '0116543885',
  '1',
  '0',
  '0000',
  '06',
  NULL,
  '9100190037',
  @VAN_CD,
  '1',
  '01',
  CONCAT('0000', LPAD(5, 6, '0')),
  CONCAT(@DATE, REPLACE(DATE_FORMAT(DATE_ADD(@BASE, INTERVAL 4 MINUTE), '%H:%i:%S'), ':', '')),
  @WORKER,
  '1',
  NULL,
  NULL,
  NULL,
  NULL,
  '03',
  NULL,
  NULL,
  NULL,
  NULL,
  NULL,
  '0',
  NULL,
  NULL,
  NULL,
  NULL,
  NULL
),
(
  @TID6,
  NULL,
  '06',
  CONCAT(DATE_FORMAT(DATE_ADD(@BASE, INTERVAL 5 MINUTE), '%H%i%S'), '06'),
  '46195410****2234',
  '022229185e4a361124b6bb91115d9a0620f953b3dfaaa53f9924b0acb8ed3f7fcc',
  NULL,
  NULL,
  NULL,
  '',
  '00',
  '0116543885',
  '1',
  '0',
  '0000',
  '06',
  NULL,
  '9100190037',
  @VAN_CD,
  '1',
  '01',
  CONCAT('0000', LPAD(6, 6, '0')),
  CONCAT(@DATE, REPLACE(DATE_FORMAT(DATE_ADD(@BASE, INTERVAL 5 MINUTE), '%H:%i:%S'), ':', '')),
  @WORKER,
  '1',
  NULL,
  NULL,
  NULL,
  NULL,
  '03',
  NULL,
  NULL,
  NULL,
  NULL,
  NULL,
  '0',
  NULL,
  NULL,
  NULL,
  NULL,
  NULL
);

-- ------------------------------------------------------------------------------ --
-- 3. TBTR_HIST --
-- ------------------------------------------------------------------------------ --
INSERT INTO TBTR_HIST (
  TID, MID, GID, VID, PM_CD, SPM_CD, TRX_HIST_CD, TRX_CD, TRX_ST_CD, TRX_CC_HIST_CD,
  APP_DT, CC_DT, ACQ_REQ_DT, APP_ACQ_DT, CC_ACQ_DT, APP_RET_CNT, APP_RET_DT, CC_RET_CNT, CC_RET_DT,
  APP_REA_CNT, APP_REA_DT, CC_REA_CNT, CC_REA_DT, APP_IN_DT, CC_IN_DT, APP_STMT_DT, CC_STMT_DT,
  PTN_CD, CP_CD, CP_NO, ORD_NO, ERR_CD, ORD_NM, ORD_NM_ENC, GOODS_NM, GOODS_AMT, APP_VAN_CD,
  EXCH_RATE, OVER_AMT, CURRENCY_TYPE, PRE_EXCH_RATE, ACQ_VAN_CD, FEE, VAT, STMT_CYCLE_CD, POINT_FEE,
  SMS_FEE, DPST_AMT, CC_DPST_AMT, CC_FEE, CC_VAT, CC_POINT_FEE, ORG_FEE, ORG_NOINT_FEE, ORG_POINT_FEE,
  ORG_AUTH_FEE, SALES_FEE, SALES_ORG_FEE, SALES_PROFIT, SALES_VAT, OTID, STID, CART_TYPE, CART_TID,
  CC_CART_TID, MATCH_TYPE, MATCH_DT, CC_MATCH_TYPE, CC_MATCH_DT, REFUND_FEE, REFUND_FEE_VAT, CRYPT_FLG,
  WORKER, REG_DNT
) VALUES
(
  @TID1, @MID, @GID, @VID1, @PM_CD, @SPM_CD, '00', '0', '0', NULL,
  @DATE, '', NULL, NULL, NULL, NULL, NULL, NULL, NULL,
  NULL, NULL, NULL, NULL, NULL, NULL, NULL, NULL,
  NULL, '06', CONCAT('57625', DATE_FORMAT(@BASE, '%y%m%d'), LPAD(1, 6, '0')),
  NULL, NULL, '홍길*', '02c32c7271d3edd0e2e7d5e6a0803b7c08', '테스트상품', 1000, '02', 0.0, 0, 'KRW',
  0, '02', NULL, NULL, 'D1', 0, 0, NULL, 0,
  0, 0, 0, NULL, 0, 0, 0,
  NULL, NULL, NULL, NULL,
  @TID1, '0', '0', NULL, NULL, '0', NULL, NULL, '0', 0, 0,
  '1',
  @WORKER, CONCAT(@DATE, REPLACE(@REG_TIME, ':', ''))
),
(
  @TID2, @MID, @GID, @VID1, @PM_CD, @SPM_CD, '00', '0', '0', NULL,
  @DATE, '', NULL, NULL, NULL, NULL, NULL, NULL, NULL,
  NULL, NULL, NULL, NULL, NULL, NULL, NULL, NULL,
  NULL, '06', CONCAT('57625', DATE_FORMAT(DATE_ADD(@BASE, INTERVAL 1 MINUTE), '%y%m%d'), LPAD(2, 6, '0')),
  NULL, NULL, '홍길*', '02c32c7271d3edd0e2e7d5e6a0803b7c08', '테스트상품', 5000, '02', 0.0, 0, 'KRW',
  0, '02', NULL, NULL, 'D1', 0, 0, NULL, 0,
  0, 0, 0, NULL, 0, 0, 0,
  NULL, NULL, NULL, NULL,
  @TID2, '0', '0', NULL, NULL, '0', NULL, NULL, '0', 0, 0,
  '1',
  @WORKER, CONCAT(@DATE, REPLACE(@REG_TIME, ':', ''))
),
(
  @TID3, @MID, @GID, @VID1, @PM_CD, @SPM_CD, '00', '0', '0', NULL,
  @DATE, '', NULL, NULL, NULL, NULL, NULL, NULL, NULL,
  NULL, NULL, NULL, NULL, NULL, NULL, NULL, NULL,
  NULL, '06', CONCAT('57625', DATE_FORMAT(DATE_ADD(@BASE, INTERVAL 2 MINUTE), '%y%m%d'), LPAD(3, 6, '0')),
  NULL, NULL, '홍길*', '02c32c7271d3edd0e2e7d5e6a0803b7c08', '테스트상품', 10000, '02', 0.0, 0, 'KRW',
  0, '02', NULL, NULL, 'D1', 0, 0, NULL, 0,
  0, 0, 0, NULL, 0, 0, 0,
  NULL, NULL, NULL, NULL,
  @TID3, '0', '0', NULL, NULL, '0', NULL, NULL, '0', 0, 0,
  '1',
  @WORKER, CONCAT(@DATE, REPLACE(@REG_TIME, ':', ''))
),
(
  @TID4, @MID, @GID, @VID1, @PM_CD, @SPM_CD, '00', '0', '0', NULL,
  @DATE, '', NULL, NULL, NULL, NULL, NULL, NULL, NULL,
  NULL, NULL, NULL, NULL, NULL, NULL, NULL, NULL,
  NULL, '06', CONCAT('57625', DATE_FORMAT(DATE_ADD(@BASE, INTERVAL 3 MINUTE), '%y%m%d'), LPAD(4, 6, '0')),
  NULL, NULL, '홍길*', '02c32c7271d3edd0e2e7d5e6a0803b7c08', '테스트상품', 20000, '02', 0.0, 0, 'KRW',
  0, '02', NULL, NULL, 'D1', 0, 0, NULL, 0,
  0, 0, 0, NULL, 0, 0, 0,
  NULL, NULL, NULL, NULL,
  @TID4, '0', '0', NULL, NULL, '0', NULL, NULL, '0', 0, 0,
  '1',
  @WORKER, CONCAT(@DATE, REPLACE(@REG_TIME, ':', ''))
),
(
  @TID5, @MID, @GID, @VID1, @PM_CD, @SPM_CD, '00', '0', '0', NULL,
  @DATE, '', NULL, NULL, NULL, NULL, NULL, NULL, NULL,
  NULL, NULL, NULL, NULL, NULL, NULL, NULL, NULL,
  NULL, '06', CONCAT('57625', DATE_FORMAT(DATE_ADD(@BASE, INTERVAL 4 MINUTE), '%y%m%d'), LPAD(5, 6, '0')),
  NULL, NULL, '홍길*', '02c32c7271d3edd0e2e7d5e6a0803b7c08', '테스트상품', 35000, '02', 0.0, 0, 'KRW',
  0, '02', NULL, NULL, 'D1', 0, 0, NULL, 0,
  0, 0, 0, NULL, 0, 0, 0,
  NULL, NULL, NULL, NULL,
  @TID5, '0', '0', NULL, NULL, '0', NULL, NULL, '0', 0, 0,
  '1',
  @WORKER, CONCAT(@DATE, REPLACE(@REG_TIME, ':', ''))
),
(
  @TID6, @MID, @GID, @VID1, @PM_CD, @SPM_CD, '00', '0', '0', NULL,
  @DATE, '', NULL, NULL, NULL, NULL, NULL, NULL, NULL,
  NULL, NULL, NULL, NULL, NULL, NULL, NULL, NULL,
  NULL, '06', CONCAT('57625', DATE_FORMAT(DATE_ADD(@BASE, INTERVAL 5 MINUTE), '%y%m%d'), LPAD(6, 6, '0')),
  NULL, NULL, '홍길*', '02c32c7271d3edd0e2e7d5e6a0803b7c08', '테스트상품', 50000, '02', 0.0, 0, 'KRW',
  0, '02', NULL, NULL, 'D1', 0, 0, NULL, 0,
  0, 0, 0, NULL, 0, 0, 0,
  NULL, NULL, NULL, NULL,
  @TID6, '0', '0', NULL, NULL, '0', NULL, NULL, '0', 0, 0,
  '1',
  @WORKER, CONCAT(@DATE, REPLACE(@REG_TIME, ':', ''))
);